{"cameraMode":{"drawMode":0,"name":"Shaded","section":"Shading Mode"},"sceneLighting":true,"audioPlay":false,"sceneViewState":{"showFog":true,"showMaterialUpdate":false,"showSkybox":true,"showFlares":true,"showImageEffects":true,"showParticleSystems":true},"in2DMode":false,"pivot":{"x":-0.10678446292877197,"y":11.758358001708985,"z":15.851066589355469},"rotation":{"x":0.03597602993249893,"y":-0.029976051300764085,"z":0.0010795914568006993,"w":0.9989025592803955},"size":23.561315536499025,"orthographic":true}